{"report":[{"id":"words","level":2,"msg":{"channelId":"868172528319877161","guildId":"867899817500868618","id":"942431750125133884","createdTimestamp":1644763638765,"type":"DEFAULT","system":false,"content":"tes te st ts dtsiud","authorId":"652959577293324288","pinned":false,"tts":false,"nonce":"942431768122753024","embeds":[],"components":[],"attachments":[],"stickers":[],"editedTimestamp":null,"webhookId":null,"groupActivityApplicationId":null,"applicationId":null,"activity":null,"flags":0,"reference":null,"interaction":null,"cleanContent":"tes te st ts dtsiud"},"info":"Regelverstoß von <@652959577293324288> in <#868172528319877161> (5 Wörter)\n`tes te st ts dtsiud`\nUser Reports: 0\nhttps://discord.com/channels/867899817500868618/868172528319877161/942431750125133884"},{"id":"words","level":2,"msg":{"channelId":"868172528319877161","guildId":"867899817500868618","id":"956453586106195978","createdTimestamp":1648106704976,"type":"DEFAULT","system":false,"content":"h h h h h  h","authorId":"652959577293324288","pinned":false,"tts":false,"nonce":"962624366925840384","embeds":[],"components":[],"attachments":[],"stickers":[],"editedTimestamp":null,"webhookId":null,"groupActivityApplicationId":null,"applicationId":null,"activity":null,"flags":0,"reference":null,"interaction":null,"cleanContent":"h h h h h  h"},"info":"Regelverstoß von <@652959577293324288> in <#868172528319877161> (7 Wörter)\n`h h h h h  h`\nUser Reports: 1\nhttps://discord.com/channels/867899817500868618/868172528319877161/956453586106195978"}]}